cycle,elapsed_ms,heap_used_bytes,live_threads,pid,rss_bytes,lifecycle
0,3319,20355176,16,22816,209600512,model
1,6155,15604736,16,22816,-1,default_enricher
2,7143,19799040,16,22816,-1,model
3,8213,26090496,16,22816,-1,default_enricher
4,8935,30284800,16,22816,-1,model
5,10385,16003640,16,22816,226754560,default_enricher
6,10996,20197944,16,22816,-1,model
7,11712,25440824,16,22816,-1,default_enricher
8,12315,16115296,16,22816,-1,model
9,13088,20309600,16,22816,-1,default_enricher
10,14245,15182072,16,22816,207224832,model
11,14964,19376376,16,22816,-1,default_enricher
12,15554,15203360,16,22816,-1,model
13,16212,19397664,16,22816,-1,default_enricher
14,16835,15239576,16,22816,-1,model
15,22259,19433880,16,22816,202563584,default_enricher
16,23160,15181952,16,22816,-1,model
17,24134,19376256,16,22816,-1,default_enricher
18,24861,15172712,16,22816,-1,model
19,25986,19367016,16,22816,-1,default_enricher
20,29721,15185648,16,22816,206176256,model
21,30605,19379952,16,22816,-1,default_enricher
22,31347,15165488,16,22816,-1,model
23,32503,19359792,16,22816,-1,default_enricher
24,33234,15278672,16,22816,-1,model
25,34870,19472976,16,22816,201646080,default_enricher
26,35619,15201424,16,22816,-1,model
27,36507,19395728,16,22816,-1,default_enricher
28,37252,15153568,16,22816,-1,model
29,38001,19347872,16,22816,-1,default_enricher
30,39418,15236000,16,22816,202457088,model
31,40180,19430304,16,22816,-1,default_enricher
32,40846,15189496,16,22816,-1,model
33,41578,19383800,16,22816,-1,default_enricher
34,42308,15228880,16,22816,-1,model
35,43795,19423184,16,22816,206491648,default_enricher
36,44378,15296064,16,22816,-1,model
37,45168,19490368,16,22816,-1,default_enricher
38,45724,15296704,16,22816,-1,model
39,46401,19491008,16,22816,-1,default_enricher
40,47727,15304960,16,22816,201687040,model
41,48563,19499264,16,22816,-1,default_enricher
42,49198,15313216,16,22816,-1,model
43,50032,19507520,16,22816,-1,default_enricher
44,50755,15313488,16,22816,-1,model
45,52246,19507792,16,22816,202477568,default_enricher
46,52915,15325872,16,22816,-1,model
47,53652,19520176,16,22816,-1,default_enricher
48,54397,15325872,16,22816,-1,model
49,55404,19520176,16,22816,-1,default_enricher
50,56797,15334968,16,22816,200949760,model
51,57686,19529272,16,22816,-1,default_enricher
52,58481,15822960,16,22816,-1,model
53,59384,20017264,16,22816,-1,default_enricher
54,60054,15827088,13,22816,-1,model
55,61381,20021392,13,22816,230600704,default_enricher
56,62020,15833280,13,22816,-1,model
57,62718,20027584,13,22816,-1,default_enricher
58,63298,15839472,13,22816,-1,model
59,64187,20033776,13,22816,-1,default_enricher
60,65292,15847728,13,22816,228196352,model
61,66053,20042032,13,22816,-1,default_enricher
62,66613,15849792,13,22816,-1,model
63,67301,20044096,13,22816,-1,default_enricher
64,67848,15858048,13,22816,-1,model
65,69039,20052352,13,22816,204193792,default_enricher
66,69606,15768992,13,22816,-1,model
67,70282,19963296,13,22816,-1,default_enricher
68,70900,15768032,13,22816,-1,model
69,71483,19962336,13,22816,-1,default_enricher
70,72431,15862176,13,22816,232116224,model
71,73118,20056480,13,22816,-1,default_enricher
72,73602,15872496,13,22816,-1,model
73,74227,20066800,13,22816,-1,default_enricher
74,74721,15878688,13,22816,-1,model
75,75869,20072992,13,22816,233803776,default_enricher
76,76390,15792800,13,22816,-1,model
77,77029,19987104,13,22816,-1,default_enricher
78,77691,15893408,13,22816,-1,model
79,78473,20087712,13,22816,-1,default_enricher
80,79527,15897536,13,22816,234397696,model
81,80262,20091840,13,22816,-1,default_enricher
82,80761,15907856,13,22816,-1,model
83,81357,20102160,13,22816,-1,default_enricher
84,81887,15911984,13,22816,-1,model
85,83095,20106288,13,22816,230150144,default_enricher
86,83614,15920240,13,22816,-1,model
87,84386,20114544,13,22816,-1,default_enricher
88,84969,15827856,13,22816,-1,model
89,85754,20022160,13,22816,-1,default_enricher
90,86886,15922304,13,22816,232148992,model
91,87518,20116608,13,22816,-1,default_enricher
92,88065,15933584,13,22816,-1,model
93,88869,20127888,13,22816,-1,default_enricher
94,89434,15937712,13,22816,-1,model
95,90661,20132016,13,22816,233099264,default_enricher
96,91239,15842304,13,22816,-1,model
97,91903,20036608,13,22816,-1,default_enricher
98,92599,15952160,13,22816,-1,model
99,93273,20146464,13,22816,-1,default_enricher
100,94437,15856752,13,22816,233541632,model
101,95163,20051056,13,22816,-1,default_enricher
102,95707,15958352,13,22816,-1,model
103,96386,20152656,13,22816,-1,default_enricher
104,96889,15867072,13,22816,-1,model
105,98288,20061376,13,22816,235425792,default_enricher
106,99007,15867072,13,22816,-1,model
107,99761,20061376,13,22816,-1,default_enricher
108,100437,15970736,13,22816,-1,model
109,101210,20165040,13,22816,-1,default_enricher
110,102309,15976928,13,22816,230965248,model
111,103121,20171232,13,22816,-1,default_enricher
112,103734,15978992,13,22816,-1,model
113,104390,20173296,13,22816,-1,default_enricher
114,105006,15987248,13,22816,-1,model
115,106357,20181552,13,22816,231706624,default_enricher
116,107012,15993440,13,22816,-1,model
117,107738,20187744,13,22816,-1,default_enricher
118,108287,15997568,13,22816,-1,model
119,108993,20191872,13,22816,-1,default_enricher
120,110107,15997568,13,22816,232767488,model
121,110796,20191872,13,22816,-1,default_enricher
122,111387,15902160,13,22816,-1,model
123,112191,20096464,13,22816,-1,default_enricher
124,112771,16010536,13,22816,-1,model
125,114109,20204840,13,22816,232968192,default_enricher
126,114779,16014664,13,22816,-1,model
127,115523,20208968,13,22816,-1,default_enricher
128,116150,16018792,13,22816,-1,model
129,117113,20213096,13,22816,-1,default_enricher
130,118313,16024984,13,22816,230809600,model
131,119099,20219288,13,22816,-1,default_enricher
132,119914,16029112,13,22816,-1,model
133,120875,20223416,13,22816,-1,default_enricher
134,121671,16033240,13,22816,-1,model
135,123069,20227544,13,22816,197521408,default_enricher
136,123689,16039432,13,22816,-1,model
137,124413,20233736,13,22816,-1,default_enricher
138,124971,16041496,13,22816,-1,model
139,125723,20235800,13,22816,-1,default_enricher
140,127005,16047688,13,22816,197824512,model
141,127761,20241992,13,22816,-1,default_enricher
142,128331,16049752,13,22816,-1,model
143,129005,20244056,13,22816,-1,default_enricher
144,129519,16055944,13,22816,-1,model
145,130762,20250248,13,22816,193323008,default_enricher
146,131260,16060072,13,22816,-1,model
147,132079,20254376,13,22816,-1,default_enricher
148,132691,15962600,13,22816,-1,model
149,133477,20156904,13,22816,-1,default_enricher
150,134887,16066264,13,22816,176001024,model
151,135930,20260568,13,22816,-1,default_enricher
152,136691,16070392,13,22816,-1,model
153,137907,20264696,13,22816,-1,default_enricher
154,138659,16072456,13,22816,-1,model
155,140592,20266760,13,22816,141701120,default_enricher
156,141369,16082776,13,22816,-1,model
157,142429,20277080,13,22816,-1,default_enricher
158,143220,16093096,13,22816,-1,model
159,144099,20287400,13,22816,-1,default_enricher
160,145517,16099288,13,22816,126078976,model
161,146356,20293592,13,22816,-1,default_enricher
162,147369,16103416,13,22816,-1,model
163,148480,20297720,13,22816,-1,default_enricher
164,149258,16113736,13,22816,-1,model
165,150808,20308040,13,22816,126406656,default_enricher
166,151477,16126120,13,22816,-1,model
167,152352,20320424,13,22816,-1,default_enricher
168,152989,16128184,13,22816,-1,model
169,153793,20322488,13,22816,-1,default_enricher
170,155297,16136440,13,22816,126615552,model
171,156227,20330744,13,22816,-1,default_enricher
172,157062,16143496,13,22816,-1,model
173,157799,20337800,13,22816,-1,default_enricher
174,158412,16041896,13,22816,-1,model
175,159811,20236200,13,22816,126750720,default_enricher
176,160417,16151752,13,22816,-1,model
177,161114,20346056,13,22816,-1,default_enricher
178,161714,16162072,13,22816,-1,model
179,162408,20356376,13,22816,-1,default_enricher
180,163517,16168264,13,22816,126799872,model
181,164366,20362568,13,22816,-1,default_enricher
182,164964,16176520,13,22816,-1,model
183,165647,20370824,13,22816,-1,default_enricher
184,166283,16186840,13,22816,-1,model
185,167506,20381144,13,22816,86724608,default_enricher
186,168121,16195096,13,22816,-1,model
187,168820,20389400,13,22816,-1,default_enricher
188,169412,16097840,13,22816,-1,model
189,170102,20292144,13,22816,-1,default_enricher
190,171192,16209544,13,22816,110800896,model
191,171882,20403848,13,22816,-1,default_enricher
192,172472,16118264,13,22816,-1,model
193,173245,20312568,13,22816,-1,default_enricher
194,173832,16124456,13,22816,-1,model
195,175107,20318760,13,22816,112619520,default_enricher
196,175731,16232248,13,22816,-1,model
197,176482,20426552,13,22816,-1,default_enricher
198,177040,16236376,13,22816,-1,model
199,177690,20430680,13,22816,-1,default_enricher
200,178758,16240504,13,22816,112750592,model
201,179428,20434808,13,22816,-1,default_enricher
202,180496,16147376,13,22816,112910336,model
